key,number,id,node_id,item_id,linked,fields
EP-RULES,1,5596414701,I_kwDOUtOUvM8AAAABTZKC7Q,PVTI_lAHOB1U_Zc4Bkx-8zg88b1k,,1
FT-RULES-1,2,5596415117,I_kwDOUtOUvM8AAAABTZKEjQ,PVTI_lAHOB1U_Zc4Bkx-8zg88b2w,1,1
MEM-1,3,5596415590,I_kwDOUtOUvM8AAAABTZKGZg,PVTI_lAHOB1U_Zc4Bkx-8zg88b34,1,1
FT-RULES-2,4,5596416122,I_kwDOUtOUvM8AAAABTZKIeg,PVTI_lAHOB1U_Zc4Bkx-8zg88b5c,1,1
DFLT-1,5,5596416662,I_kwDOUtOUvM8AAAABTZKKlg,PVTI_lAHOB1U_Zc4Bkx-8zg88b7Q,1,1
EP-CAP,6,5596417151,I_kwDOUtOUvM8AAAABTZKMfw,PVTI_lAHOB1U_Zc4Bkx-8zg88b8Y,,1
FT-CAP-1,7,5596417712,I_kwDOUtOUvM8AAAABTZKOsA,PVTI_lAHOB1U_Zc4Bkx-8zg88b9M,1,1
CAP-1,8,5596418248,I_kwDOUtOUvM8AAAABTZKQyA,PVTI_lAHOB1U_Zc4Bkx-8zg88b_A,1,1
CAP-7,9,5596418724,I_kwDOUtOUvM8AAAABTZKSpA,PVTI_lAHOB1U_Zc4Bkx-8zg88cAk,1,1
FT-CAP-2,10,5596419163,I_kwDOUtOUvM8AAAABTZKUWw,PVTI_lAHOB1U_Zc4Bkx-8zg88cBg,1,1
CAP-2,11,5596419786,I_kwDOUtOUvM8AAAABTZKWyg,PVTI_lAHOB1U_Zc4Bkx-8zg88cDA,1,1
FT-CAP-3,12,5596420251,I_kwDOUtOUvM8AAAABTZKYmw,PVTI_lAHOB1U_Zc4Bkx-8zg88cEI,1,1
CAP-3,13,5596420867,I_kwDOUtOUvM8AAAABTZKbAw,PVTI_lAHOB1U_Zc4Bkx-8zg88cFA,1,1
FT-CAP-4,14,5596421411,I_kwDOUtOUvM8AAAABTZKdIw,PVTI_lAHOB1U_Zc4Bkx-8zg88cGc,1,1
CAP-4,15,5596421865,I_kwDOUtOUvM8AAAABTZKe6Q,PVTI_lAHOB1U_Zc4Bkx-8zg88cHM,1,1
CAP-5,16,5596422304,I_kwDOUtOUvM8AAAABTZKgoA,PVTI_lAHOB1U_Zc4Bkx-8zg88cIg,1,1
CAP-6,17,5596422728,I_kwDOUtOUvM8AAAABTZKiSA,PVTI_lAHOB1U_Zc4Bkx-8zg88cKI,1,1
FT-CAP-5,18,5596423228,I_kwDOUtOUvM8AAAABTZKkPA,PVTI_lAHOB1U_Zc4Bkx-8zg88cLI,1,1
CAP-8,19,5596423694,I_kwDOUtOUvM8AAAABTZKmDg,PVTI_lAHOB1U_Zc4Bkx-8zg88cMw,1,1
CAP-9,20,5596424150,I_kwDOUtOUvM8AAAABTZKn1g,PVTI_lAHOB1U_Zc4Bkx-8zg88cOQ,1,1
FT-CAP-6,21,5596424707,I_kwDOUtOUvM8AAAABTZKqAw,PVTI_lAHOB1U_Zc4Bkx-8zg88cPw,1,1
CAP-10,22,5596425142,I_kwDOUtOUvM8AAAABTZKrtg,PVTI_lAHOB1U_Zc4Bkx-8zg88cRE,1,1
EP-CONF,23,5596428106,I_kwDOUtOUvM8AAAABTZK3Sg,PVTI_lAHOB1U_Zc4Bkx-8zg88cYU,,1
FT-CONF-1,24,5596428694,I_kwDOUtOUvM8AAAABTZK5lg,PVTI_lAHOB1U_Zc4Bkx-8zg88caA,1,1
CONF-1,25,5596429160,I_kwDOUtOUvM8AAAABTZK7aA,PVTI_lAHOB1U_Zc4Bkx-8zg88cbI,1,1
CONF-12,26,5596429768,I_kwDOUtOUvM8AAAABTZK9yA,PVTI_lAHOB1U_Zc4Bkx-8zg88cco,1,1
CONF-13,27,5596430325,I_kwDOUtOUvM8AAAABTZK_9Q,PVTI_lAHOB1U_Zc4Bkx-8zg88cew,1,1
CONF-14,28,5596433150,I_kwDOUtOUvM8AAAABTZLK_g,PVTI_lAHOB1U_Zc4Bkx-8zg88ck4,1,1
CONF-15,29,5596433959,I_kwDOUtOUvM8AAAABTZLOJw,PVTI_lAHOB1U_Zc4Bkx-8zg88cmw,1,1
CONF-16,30,5596434427,I_kwDOUtOUvM8AAAABTZLP-w,PVTI_lAHOB1U_Zc4Bkx-8zg88cns,1,1
FT-CONF-2,31,5596435096,I_kwDOUtOUvM8AAAABTZLSmA,PVTI_lAHOB1U_Zc4Bkx-8zg88cow,1,1
CONF-2,32,5596437291,I_kwDOUtOUvM8AAAABTZLbKw,PVTI_lAHOB1U_Zc4Bkx-8zg88cww,1,1
CONF-3,33,5596437900,I_kwDOUtOUvM8AAAABTZLdjA,PVTI_lAHOB1U_Zc4Bkx-8zg88cyM,1,1
CONF-7,34,5596438353,I_kwDOUtOUvM8AAAABTZLfUQ,PVTI_lAHOB1U_Zc4Bkx-8zg88cz8,1,1
CONF-10,35,5596438979,I_kwDOUtOUvM8AAAABTZLhww,PVTI_lAHOB1U_Zc4Bkx-8zg88c1s,1,1
CONF-11,36,5596439613,I_kwDOUtOUvM8AAAABTZLkPQ,PVTI_lAHOB1U_Zc4Bkx-8zg88c30,1,1
VEN-22,37,5596440128,I_kwDOUtOUvM8AAAABTZLmQA,PVTI_lAHOB1U_Zc4Bkx-8zg88c6k,1,1
FT-CONF-3,38,5596440809,I_kwDOUtOUvM8AAAABTZLo6Q,PVTI_lAHOB1U_Zc4Bkx-8zg88c84,1,1
CONF-4,39,5596441358,I_kwDOUtOUvM8AAAABTZLrDg,PVTI_lAHOB1U_Zc4Bkx-8zg88c-s,1,1
CONF-5,40,5596441848,I_kwDOUtOUvM8AAAABTZLs-A,PVTI_lAHOB1U_Zc4Bkx-8zg88dAI,1,1
CONF-6,41,5596442421,I_kwDOUtOUvM8AAAABTZLvNQ,PVTI_lAHOB1U_Zc4Bkx-8zg88dCs,1,1
CONF-8,42,5596443015,I_kwDOUtOUvM8AAAABTZLxhw,PVTI_lAHOB1U_Zc4Bkx-8zg88dE4,1,1
CONF-9,43,5596443526,I_kwDOUtOUvM8AAAABTZLzhg,PVTI_lAHOB1U_Zc4Bkx-8zg88dHM,1,1
FT-CONF-4,44,5596444093,I_kwDOUtOUvM8AAAABTZL1vQ,PVTI_lAHOB1U_Zc4Bkx-8zg88dJE,1,1
CONF-17,45,5596444478,I_kwDOUtOUvM8AAAABTZL3Pg,PVTI_lAHOB1U_Zc4Bkx-8zg88dLY,1,1
CONF-18,46,5596445097,I_kwDOUtOUvM8AAAABTZL5qQ,PVTI_lAHOB1U_Zc4Bkx-8zg88dNI,1,1
CONF-19,47,5596445765,I_kwDOUtOUvM8AAAABTZL8RQ,PVTI_lAHOB1U_Zc4Bkx-8zg88dO4,1,1
EP-SESS,48,5596446192,I_kwDOUtOUvM8AAAABTZL98A,PVTI_lAHOB1U_Zc4Bkx-8zg88dQY,,1
FT-SESS-1,49,5596446615,I_kwDOUtOUvM8AAAABTZL_lw,PVTI_lAHOB1U_Zc4Bkx-8zg88dSM,1,1
SESS-1,50,5596447066,I_kwDOUtOUvM8AAAABTZMBWg,PVTI_lAHOB1U_Zc4Bkx-8zg88dUs,1,1
SESS-2,51,5596447589,I_kwDOUtOUvM8AAAABTZMDZQ,PVTI_lAHOB1U_Zc4Bkx-8zg88dXA,1,1
SESS-9,52,5596448143,I_kwDOUtOUvM8AAAABTZMFjw,PVTI_lAHOB1U_Zc4Bkx-8zg88dZQ,1,1
FT-SESS-2,53,5596448705,I_kwDOUtOUvM8AAAABTZMHwQ,PVTI_lAHOB1U_Zc4Bkx-8zg88dbw,1,1
SESS-3,54,5596449263,I_kwDOUtOUvM8AAAABTZMJ7w,PVTI_lAHOB1U_Zc4Bkx-8zg88ddw,1,1
SESS-4,55,5596449729,I_kwDOUtOUvM8AAAABTZMLwQ,PVTI_lAHOB1U_Zc4Bkx-8zg88dfg,1,1
SESS-5,56,5596450159,I_kwDOUtOUvM8AAAABTZMNbw,PVTI_lAHOB1U_Zc4Bkx-8zg88dg8,1,1
FT-SESS-3,57,5596450651,I_kwDOUtOUvM8AAAABTZMPWw,PVTI_lAHOB1U_Zc4Bkx-8zg88diw,1,1
SESS-6,58,5596451081,I_kwDOUtOUvM8AAAABTZMRCQ,PVTI_lAHOB1U_Zc4Bkx-8zg88dlo,1,1
FT-SESS-4,59,5596452050,I_kwDOUtOUvM8AAAABTZMU0g,PVTI_lAHOB1U_Zc4Bkx-8zg88dn8,1,1
SESS-7,60,5596452587,I_kwDOUtOUvM8AAAABTZMW6w,PVTI_lAHOB1U_Zc4Bkx-8zg88dpI,1,1
SESS-8,61,5596453010,I_kwDOUtOUvM8AAAABTZMYkg,PVTI_lAHOB1U_Zc4Bkx-8zg88drU,1,1
EP-VEN,62,5596453556,I_kwDOUtOUvM8AAAABTZMatA,PVTI_lAHOB1U_Zc4Bkx-8zg88dss,,1
FT-VEN-1,63,5596453996,I_kwDOUtOUvM8AAAABTZMcbA,PVTI_lAHOB1U_Zc4Bkx-8zg88duU,1,1
VEN-1,64,5596454534,I_kwDOUtOUvM8AAAABTZMehg,PVTI_lAHOB1U_Zc4Bkx-8zg88dwQ,1,1
VEN-2,65,5596455116,I_kwDOUtOUvM8AAAABTZMgzA,PVTI_lAHOB1U_Zc4Bkx-8zg88dzc,1,1
VEN-3,66,5596455574,I_kwDOUtOUvM8AAAABTZMilg,PVTI_lAHOB1U_Zc4Bkx-8zg88d1g,1,1
VEN-4,67,5596456213,I_kwDOUtOUvM8AAAABTZMlFQ,PVTI_lAHOB1U_Zc4Bkx-8zg88d2w,1,1
VEN-5,68,5596456747,I_kwDOUtOUvM8AAAABTZMnKw,PVTI_lAHOB1U_Zc4Bkx-8zg88d4c,1,1
VEN-6,69,5596457488,I_kwDOUtOUvM8AAAABTZMqEA,PVTI_lAHOB1U_Zc4Bkx-8zg88d6k,1,1
VEN-23,70,5596458004,I_kwDOUtOUvM8AAAABTZMsFA,PVTI_lAHOB1U_Zc4Bkx-8zg88d8s,1,1
FT-VEN-2,71,5596458539,I_kwDOUtOUvM8AAAABTZMuKw,PVTI_lAHOB1U_Zc4Bkx-8zg88d-o,1,1
VEN-7,72,5596459048,I_kwDOUtOUvM8AAAABTZMwKA,PVTI_lAHOB1U_Zc4Bkx-8zg88d_4,1,1
VEN-8,73,5596459577,I_kwDOUtOUvM8AAAABTZMyOQ,PVTI_lAHOB1U_Zc4Bkx-8zg88eCc,1,1
VEN-10,74,5596460112,I_kwDOUtOUvM8AAAABTZM0UA,PVTI_lAHOB1U_Zc4Bkx-8zg88eEA,1,1
VEN-11,75,5596460626,I_kwDOUtOUvM8AAAABTZM2Ug,PVTI_lAHOB1U_Zc4Bkx-8zg88eF8,1,1
VEN-12,76,5596461179,I_kwDOUtOUvM8AAAABTZM4ew,PVTI_lAHOB1U_Zc4Bkx-8zg88eKs,1,1
FT-VEN-3,77,5596461709,I_kwDOUtOUvM8AAAABTZM6jQ,PVTI_lAHOB1U_Zc4Bkx-8zg88eN8,1,1
VEN-9,78,5596462419,I_kwDOUtOUvM8AAAABTZM9Uw,PVTI_lAHOB1U_Zc4Bkx-8zg88eQY,1,1
VEN-13,79,5596462979,I_kwDOUtOUvM8AAAABTZM_gw,PVTI_lAHOB1U_Zc4Bkx-8zg88eSQ,1,1
VEN-19,80,5596463662,I_kwDOUtOUvM8AAAABTZNCLg,PVTI_lAHOB1U_Zc4Bkx-8zg88eTs,1,1
FT-VEN-4,81,5596464156,I_kwDOUtOUvM8AAAABTZNEHA,PVTI_lAHOB1U_Zc4Bkx-8zg88eWM,1,1
VEN-14,82,5596464622,I_kwDOUtOUvM8AAAABTZNF7g,PVTI_lAHOB1U_Zc4Bkx-8zg88eYI,1,1
VEN-15,83,5596465098,I_kwDOUtOUvM8AAAABTZNHyg,PVTI_lAHOB1U_Zc4Bkx-8zg88ea8,1,1
VEN-16,84,5596465576,I_kwDOUtOUvM8AAAABTZNJqA,PVTI_lAHOB1U_Zc4Bkx-8zg88ec8,1,1
VEN-21,85,5596466071,I_kwDOUtOUvM8AAAABTZNLlw,PVTI_lAHOB1U_Zc4Bkx-8zg88egk,1,1
FT-VEN-5,86,5596466517,I_kwDOUtOUvM8AAAABTZNNVQ,PVTI_lAHOB1U_Zc4Bkx-8zg88eiY,1,1
VEN-17,87,5596467001,I_kwDOUtOUvM8AAAABTZNPOQ,PVTI_lAHOB1U_Zc4Bkx-8zg88emQ,1,1
VEN-18,88,5596467479,I_kwDOUtOUvM8AAAABTZNRFw,PVTI_lAHOB1U_Zc4Bkx-8zg88eok,1,1
VEN-20,89,5596467967,I_kwDOUtOUvM8AAAABTZNS_w,PVTI_lAHOB1U_Zc4Bkx-8zg88eqQ,1,1
VEN-24,90,5596468393,I_kwDOUtOUvM8AAAABTZNUqQ,PVTI_lAHOB1U_Zc4Bkx-8zg88etE,1,1
EP-VPAGE,91,5596468840,I_kwDOUtOUvM8AAAABTZNWaA,PVTI_lAHOB1U_Zc4Bkx-8zg88evo,,1
FT-VPAGE-1,92,5596469275,I_kwDOUtOUvM8AAAABTZNYGw,PVTI_lAHOB1U_Zc4Bkx-8zg88eyo,1,1
VPAGE-1,93,5596469656,I_kwDOUtOUvM8AAAABTZNZmA,PVTI_lAHOB1U_Zc4Bkx-8zg88e1c,1,1
VPAGE-2,94,5596470125,I_kwDOUtOUvM8AAAABTZNbbQ,PVTI_lAHOB1U_Zc4Bkx-8zg88e5Y,1,1
VPAGE-5,95,5596470641,I_kwDOUtOUvM8AAAABTZNdcQ,PVTI_lAHOB1U_Zc4Bkx-8zg88e9U,1,1
VPAGE-7,96,5596471116,I_kwDOUtOUvM8AAAABTZNfTA,PVTI_lAHOB1U_Zc4Bkx-8zg88e_A,1,1
VPAGE-9,97,5596471563,I_kwDOUtOUvM8AAAABTZNhCw,PVTI_lAHOB1U_Zc4Bkx-8zg88fAc,1,1
FT-VPAGE-2,98,5596472037,I_kwDOUtOUvM8AAAABTZNi5Q,PVTI_lAHOB1U_Zc4Bkx-8zg88fCM,1,1
VPAGE-3,99,5596472459,I_kwDOUtOUvM8AAAABTZNkiw,PVTI_lAHOB1U_Zc4Bkx-8zg88fDI,1,1
VPAGE-4,100,5596472938,I_kwDOUtOUvM8AAAABTZNmag,PVTI_lAHOB1U_Zc4Bkx-8zg88fEs,1,1
VPAGE-8,101,5596473409,I_kwDOUtOUvM8AAAABTZNoQQ,PVTI_lAHOB1U_Zc4Bkx-8zg88fGA,1,1
FT-VPAGE-3,102,5596473904,I_kwDOUtOUvM8AAAABTZNqMA,PVTI_lAHOB1U_Zc4Bkx-8zg88fHM,1,1
VPAGE-6,103,5596474343,I_kwDOUtOUvM8AAAABTZNr5w,PVTI_lAHOB1U_Zc4Bkx-8zg88fI8,1,1
VPAGE-10,104,5596474942,I_kwDOUtOUvM8AAAABTZNuPg,PVTI_lAHOB1U_Zc4Bkx-8zg88fKA,1,1
VPAGE-11,105,5596475416,I_kwDOUtOUvM8AAAABTZNwGA,PVTI_lAHOB1U_Zc4Bkx-8zg88fLY,1,1
EP-LOOK,106,5596475966,I_kwDOUtOUvM8AAAABTZNyPg,PVTI_lAHOB1U_Zc4Bkx-8zg88fMo,,1
FT-LOOK-1,107,5596476539,I_kwDOUtOUvM8AAAABTZN0ew,PVTI_lAHOB1U_Zc4Bkx-8zg88fOs,1,1
LOOK-1,108,5596476999,I_kwDOUtOUvM8AAAABTZN2Rw,PVTI_lAHOB1U_Zc4Bkx-8zg88fQU,1,1
FT-LOOK-2,109,5596477527,I_kwDOUtOUvM8AAAABTZN4Vw,PVTI_lAHOB1U_Zc4Bkx-8zg88fSQ,1,1
LOOK-2,110,5596478137,I_kwDOUtOUvM8AAAABTZN6uQ,PVTI_lAHOB1U_Zc4Bkx-8zg88fTY,1,1
FT-LOOK-3,111,5596478583,I_kwDOUtOUvM8AAAABTZN8dw,PVTI_lAHOB1U_Zc4Bkx-8zg88fVg,1,1
LOOK-3,112,5596479149,I_kwDOUtOUvM8AAAABTZN-rQ,PVTI_lAHOB1U_Zc4Bkx-8zg88fXc,1,1
LOOK-8,113,5596479713,I_kwDOUtOUvM8AAAABTZOA4Q,PVTI_lAHOB1U_Zc4Bkx-8zg88fYE,1,1
FT-LOOK-4,114,5596480324,I_kwDOUtOUvM8AAAABTZODRA,PVTI_lAHOB1U_Zc4Bkx-8zg88fZk,1,1
LOOK-4,115,5596480827,I_kwDOUtOUvM8AAAABTZOFOw,PVTI_lAHOB1U_Zc4Bkx-8zg88fbk,1,1
LOOK-5,116,5596481344,I_kwDOUtOUvM8AAAABTZOHQA,PVTI_lAHOB1U_Zc4Bkx-8zg88fco,1,1
LOOK-6,117,5596481844,I_kwDOUtOUvM8AAAABTZOJNA,PVTI_lAHOB1U_Zc4Bkx-8zg88fe4,1,1
LOOK-7,118,5596482278,I_kwDOUtOUvM8AAAABTZOK5g,PVTI_lAHOB1U_Zc4Bkx-8zg88ffw,1,1
FT-LOOK-5,119,5596482797,I_kwDOUtOUvM8AAAABTZOM7Q,PVTI_lAHOB1U_Zc4Bkx-8zg88fhM,1,1
LOOK-9,120,5596483305,I_kwDOUtOUvM8AAAABTZOO6Q,PVTI_lAHOB1U_Zc4Bkx-8zg88fjE,1,1
EP-HEAD,121,5596483771,I_kwDOUtOUvM8AAAABTZOQuw,PVTI_lAHOB1U_Zc4Bkx-8zg88fkM,,1
FT-HEAD-1,122,5596484125,I_kwDOUtOUvM8AAAABTZOSHQ,PVTI_lAHOB1U_Zc4Bkx-8zg88flw,1,1
HEAD-1,123,5596484595,I_kwDOUtOUvM8AAAABTZOT8w,PVTI_lAHOB1U_Zc4Bkx-8zg88fnM,1,1
HEAD-2,124,5596485048,I_kwDOUtOUvM8AAAABTZOVuA,PVTI_lAHOB1U_Zc4Bkx-8zg88foo,1,1
HEAD-3,125,5596485565,I_kwDOUtOUvM8AAAABTZOXvQ,PVTI_lAHOB1U_Zc4Bkx-8zg88fqA,1,1
HEAD-5,126,5596486079,I_kwDOUtOUvM8AAAABTZOZvw,PVTI_lAHOB1U_Zc4Bkx-8zg88fq8,1,1
HEAD-15,127,5596486623,I_kwDOUtOUvM8AAAABTZOb3w,PVTI_lAHOB1U_Zc4Bkx-8zg88fsE,1,1
FT-HEAD-2,128,5596487145,I_kwDOUtOUvM8AAAABTZOd6Q,PVTI_lAHOB1U_Zc4Bkx-8zg88fuY,1,1
HEAD-4,129,5596487544,I_kwDOUtOUvM8AAAABTZOfeA,PVTI_lAHOB1U_Zc4Bkx-8zg88fv4,1,1
HEAD-6,130,5596488052,I_kwDOUtOUvM8AAAABTZOhdA,PVTI_lAHOB1U_Zc4Bkx-8zg88fx8,1,1
HEAD-7,131,5596488590,I_kwDOUtOUvM8AAAABTZOjjg,PVTI_lAHOB1U_Zc4Bkx-8zg88f0I,1,1
HEAD-8,132,5596489135,I_kwDOUtOUvM8AAAABTZOlrw,PVTI_lAHOB1U_Zc4Bkx-8zg88f3E,1,1
HEAD-14,133,5596489629,I_kwDOUtOUvM8AAAABTZOnnQ,PVTI_lAHOB1U_Zc4Bkx-8zg88f4A,1,1
FT-HEAD-3,134,5596490139,I_kwDOUtOUvM8AAAABTZOpmw,PVTI_lAHOB1U_Zc4Bkx-8zg88f5k,1,1
HEAD-9,135,5596490549,I_kwDOUtOUvM8AAAABTZOrNQ,PVTI_lAHOB1U_Zc4Bkx-8zg88f64,1,1
HEAD-10,136,5596491011,I_kwDOUtOUvM8AAAABTZOtAw,PVTI_lAHOB1U_Zc4Bkx-8zg88f8s,1,1
HEAD-11,137,5596491559,I_kwDOUtOUvM8AAAABTZOvJw,PVTI_lAHOB1U_Zc4Bkx-8zg88f-U,1,1
HEAD-16,138,5596491982,I_kwDOUtOUvM8AAAABTZOwzg,PVTI_lAHOB1U_Zc4Bkx-8zg88f_k,1,1
FT-HEAD-4,139,5596492490,I_kwDOUtOUvM8AAAABTZOyyg,PVTI_lAHOB1U_Zc4Bkx-8zg88gCY,1,1
HEAD-12,140,5596492892,I_kwDOUtOUvM8AAAABTZO0XA,PVTI_lAHOB1U_Zc4Bkx-8zg88gDs,1,1
HEAD-13,141,5596493371,I_kwDOUtOUvM8AAAABTZO2Ow,PVTI_lAHOB1U_Zc4Bkx-8zg88gEg,1,1
HEAD-17,142,5596493851,I_kwDOUtOUvM8AAAABTZO4Gw,PVTI_lAHOB1U_Zc4Bkx-8zg88gF8,1,1
HEAD-18,143,5596494391,I_kwDOUtOUvM8AAAABTZO6Nw,PVTI_lAHOB1U_Zc4Bkx-8zg88gIs,1,1
EP-ENT,144,5596494866,I_kwDOUtOUvM8AAAABTZO8Eg,PVTI_lAHOB1U_Zc4Bkx-8zg88gMo,,1
FT-ENT-1,145,5596495250,I_kwDOUtOUvM8AAAABTZO9kg,PVTI_lAHOB1U_Zc4Bkx-8zg88gOo,1,1
ENT-1,146,5596495675,I_kwDOUtOUvM8AAAABTZO_Ow,PVTI_lAHOB1U_Zc4Bkx-8zg88gRE,1,1
ENT-2,147,5596496112,I_kwDOUtOUvM8AAAABTZPA8A,PVTI_lAHOB1U_Zc4Bkx-8zg88gSw,1,1
FT-ENT-2,148,5596496615,I_kwDOUtOUvM8AAAABTZPC5w,PVTI_lAHOB1U_Zc4Bkx-8zg88gWA,1,1
ENT-3,149,5596497039,I_kwDOUtOUvM8AAAABTZPEjw,PVTI_lAHOB1U_Zc4Bkx-8zg88gYw,1,1
ENT-4,150,5596497525,I_kwDOUtOUvM8AAAABTZPGdQ,PVTI_lAHOB1U_Zc4Bkx-8zg88gbQ,1,1
ENT-5,151,5596497978,I_kwDOUtOUvM8AAAABTZPIOg,PVTI_lAHOB1U_Zc4Bkx-8zg88gew,1,1
ENT-9,152,5596498475,I_kwDOUtOUvM8AAAABTZPKKw,PVTI_lAHOB1U_Zc4Bkx-8zg88gjE,1,1
ENT-10,153,5596498971,I_kwDOUtOUvM8AAAABTZPMGw,PVTI_lAHOB1U_Zc4Bkx-8zg88glA,1,1
FT-ENT-3,154,5596499445,I_kwDOUtOUvM8AAAABTZPN9Q,PVTI_lAHOB1U_Zc4Bkx-8zg88gnE,1,1
ENT-6,155,5596499873,I_kwDOUtOUvM8AAAABTZPPoQ,PVTI_lAHOB1U_Zc4Bkx-8zg88gpU,1,1
ENT-7,156,5596500370,I_kwDOUtOUvM8AAAABTZPRkg,PVTI_lAHOB1U_Zc4Bkx-8zg88gro,1,1
ENT-8,157,5596500848,I_kwDOUtOUvM8AAAABTZPTcA,PVTI_lAHOB1U_Zc4Bkx-8zg88gtg,1,1
FT-ENT-4,158,5596501321,I_kwDOUtOUvM8AAAABTZPVSQ,PVTI_lAHOB1U_Zc4Bkx-8zg88gv0,1,1
ENT-11,159,5596501754,I_kwDOUtOUvM8AAAABTZPW-g,PVTI_lAHOB1U_Zc4Bkx-8zg88gzA,1,1
ENT-12,160,5596502207,I_kwDOUtOUvM8AAAABTZPYvw,PVTI_lAHOB1U_Zc4Bkx-8zg88g2g,1,1
ENT-13,161,5596502657,I_kwDOUtOUvM8AAAABTZPagQ,PVTI_lAHOB1U_Zc4Bkx-8zg88g4I,1,1
FT-ENT-5,162,5596503208,I_kwDOUtOUvM8AAAABTZPcqA,PVTI_lAHOB1U_Zc4Bkx-8zg88g7o,1,1
ENT-14,163,5596503821,I_kwDOUtOUvM8AAAABTZPfDQ,PVTI_lAHOB1U_Zc4Bkx-8zg88g9c,1,1
FT-ENT-6,164,5596504385,I_kwDOUtOUvM8AAAABTZPhQQ,PVTI_lAHOB1U_Zc4Bkx-8zg88g_E,1,1
ONB-1,165,5596504876,I_kwDOUtOUvM8AAAABTZPjLA,PVTI_lAHOB1U_Zc4Bkx-8zg88hAc,1,1
ONB-2,166,5596505537,I_kwDOUtOUvM8AAAABTZPlwQ,PVTI_lAHOB1U_Zc4Bkx-8zg88hCI,1,1
ONB-3,167,5596506053,I_kwDOUtOUvM8AAAABTZPnxQ,PVTI_lAHOB1U_Zc4Bkx-8zg88hDs,1,1
EP-PRICE,168,5596506547,I_kwDOUtOUvM8AAAABTZPpsw,PVTI_lAHOB1U_Zc4Bkx-8zg88hEo,,1
FT-PRICE-1,169,5596506990,I_kwDOUtOUvM8AAAABTZPrbg,PVTI_lAHOB1U_Zc4Bkx-8zg88hFg,1,1
PRICE-1,170,5596507516,I_kwDOUtOUvM8AAAABTZPtfA,PVTI_lAHOB1U_Zc4Bkx-8zg88hHQ,1,1
PRICE-2,171,5596507973,I_kwDOUtOUvM8AAAABTZPvRQ,PVTI_lAHOB1U_Zc4Bkx-8zg88hI8,1,1
PRICE-3,172,5596508576,I_kwDOUtOUvM8AAAABTZPxoA,PVTI_lAHOB1U_Zc4Bkx-8zg88hL4,1,1
PRICE-4,173,5596509233,I_kwDOUtOUvM8AAAABTZP0MQ,PVTI_lAHOB1U_Zc4Bkx-8zg88hNw,1,1
PRICE-5,174,5596509772,I_kwDOUtOUvM8AAAABTZP2TA,PVTI_lAHOB1U_Zc4Bkx-8zg88hQM,1,1
PRICE-6,175,5596510334,I_kwDOUtOUvM8AAAABTZP4fg,PVTI_lAHOB1U_Zc4Bkx-8zg88hR0,1,1
FT-PRICE-2,176,5596510848,I_kwDOUtOUvM8AAAABTZP6gA,PVTI_lAHOB1U_Zc4Bkx-8zg88hS8,1,1
PRICE-7,177,5596511274,I_kwDOUtOUvM8AAAABTZP8Kg,PVTI_lAHOB1U_Zc4Bkx-8zg88hVc,1,1
PRICE-8,178,5596511827,I_kwDOUtOUvM8AAAABTZP-Uw,PVTI_lAHOB1U_Zc4Bkx-8zg88hX8,1,1
PRICE-9,179,5596512323,I_kwDOUtOUvM8AAAABTZQAQw,PVTI_lAHOB1U_Zc4Bkx-8zg88hZo,1,1
PRICE-10,180,5596512866,I_kwDOUtOUvM8AAAABTZQCYg,PVTI_lAHOB1U_Zc4Bkx-8zg88hbg,1,1
PRICE-13,181,5596513342,I_kwDOUtOUvM8AAAABTZQEPg,PVTI_lAHOB1U_Zc4Bkx-8zg88hdY,1,1
PRICE-14,182,5596513863,I_kwDOUtOUvM8AAAABTZQGRw,PVTI_lAHOB1U_Zc4Bkx-8zg88hfk,1,1
FT-PRICE-3,183,5596514433,I_kwDOUtOUvM8AAAABTZQIgQ,PVTI_lAHOB1U_Zc4Bkx-8zg88his,1,1
PRICE-11,184,5596514978,I_kwDOUtOUvM8AAAABTZQKog,PVTI_lAHOB1U_Zc4Bkx-8zg88hlY,1,1
PRICE-12,185,5596515451,I_kwDOUtOUvM8AAAABTZQMew,PVTI_lAHOB1U_Zc4Bkx-8zg88hno,1,1
FT-PRICE-4,186,5596516028,I_kwDOUtOUvM8AAAABTZQOvA,PVTI_lAHOB1U_Zc4Bkx-8zg88hp0,1,1
NOT-1,187,5596516505,I_kwDOUtOUvM8AAAABTZQQmQ,PVTI_lAHOB1U_Zc4Bkx-8zg88hsU,1,1
NOT-2,188,5596516957,I_kwDOUtOUvM8AAAABTZQSXQ,PVTI_lAHOB1U_Zc4Bkx-8zg88hvo,1,1
NOT-3,189,5596517594,I_kwDOUtOUvM8AAAABTZQU2g,PVTI_lAHOB1U_Zc4Bkx-8zg88hxg,1,1
NOT-4,190,5596518227,I_kwDOUtOUvM8AAAABTZQXUw,PVTI_lAHOB1U_Zc4Bkx-8zg88hzo,1,1
NOT-5,191,5596518767,I_kwDOUtOUvM8AAAABTZQZbw,PVTI_lAHOB1U_Zc4Bkx-8zg88h2Q,1,1
NOT-6,192,5596519295,I_kwDOUtOUvM8AAAABTZQbfw,PVTI_lAHOB1U_Zc4Bkx-8zg88h4o,1,1
EP-DATA,193,5596519760,I_kwDOUtOUvM8AAAABTZQdUA,PVTI_lAHOB1U_Zc4Bkx-8zg88h54,,1
FT-DATA-1,194,5596520140,I_kwDOUtOUvM8AAAABTZQezA,PVTI_lAHOB1U_Zc4Bkx-8zg88h7E,1,1
DATA-1,195,5596520668,I_kwDOUtOUvM8AAAABTZQg3A,PVTI_lAHOB1U_Zc4Bkx-8zg88h8Y,1,1
DATA-2,196,5596521220,I_kwDOUtOUvM8AAAABTZQjBA,PVTI_lAHOB1U_Zc4Bkx-8zg88h-c,1,1
FT-DATA-2,197,5596521723,I_kwDOUtOUvM8AAAABTZQk-w,PVTI_lAHOB1U_Zc4Bkx-8zg88h_k,1,1
DATA-3,198,5596522176,I_kwDOUtOUvM8AAAABTZQmwA,PVTI_lAHOB1U_Zc4Bkx-8zg88iBE,1,1
DATA-4,199,5596522686,I_kwDOUtOUvM8AAAABTZQovg,PVTI_lAHOB1U_Zc4Bkx-8zg88iCs,1,1
DATA-5,200,5596523227,I_kwDOUtOUvM8AAAABTZQq2w,PVTI_lAHOB1U_Zc4Bkx-8zg88iEg,1,1
FT-DATA-3,201,5596523751,I_kwDOUtOUvM8AAAABTZQs5w,PVTI_lAHOB1U_Zc4Bkx-8zg88iGg,1,1
DATA-6,202,5596524253,I_kwDOUtOUvM8AAAABTZQu3Q,PVTI_lAHOB1U_Zc4Bkx-8zg88iI4,1,1
DATA-7,203,5596524821,I_kwDOUtOUvM8AAAABTZQxFQ,PVTI_lAHOB1U_Zc4Bkx-8zg88iKQ,1,1
DATA-8,204,5596525363,I_kwDOUtOUvM8AAAABTZQzMw,PVTI_lAHOB1U_Zc4Bkx-8zg88iMY,1,1
DATA-9,205,5596525987,I_kwDOUtOUvM8AAAABTZQ1ow,PVTI_lAHOB1U_Zc4Bkx-8zg88iQs,1,1
DATA-10,206,5596526535,I_kwDOUtOUvM8AAAABTZQ3xw,PVTI_lAHOB1U_Zc4Bkx-8zg88iUI,1,1
DATA-11,207,5596527173,I_kwDOUtOUvM8AAAABTZQ6RQ,PVTI_lAHOB1U_Zc4Bkx-8zg88iWk,1,1
DATA-12,208,5596527737,I_kwDOUtOUvM8AAAABTZQ8eQ,PVTI_lAHOB1U_Zc4Bkx-8zg88iYA,1,1
FT-DATA-4,209,5596528238,I_kwDOUtOUvM8AAAABTZQ-bg,PVTI_lAHOB1U_Zc4Bkx-8zg88iaA,1,1
DATA-13,210,5596528705,I_kwDOUtOUvM8AAAABTZRAQQ,PVTI_lAHOB1U_Zc4Bkx-8zg88icU,1,1
DATA-14,211,5596529168,I_kwDOUtOUvM8AAAABTZRCEA,PVTI_lAHOB1U_Zc4Bkx-8zg88id8,1,1
FT-DATA-5,212,5596530016,I_kwDOUtOUvM8AAAABTZRFYA,PVTI_lAHOB1U_Zc4Bkx-8zg88igs,1,1
DATA-15,213,5596530481,I_kwDOUtOUvM8AAAABTZRHMQ,PVTI_lAHOB1U_Zc4Bkx-8zg88iiQ,1,1
EP-PHOTO,214,5596530955,I_kwDOUtOUvM8AAAABTZRJCw,PVTI_lAHOB1U_Zc4Bkx-8zg88ik8,,1
FT-PHOTO-1,215,5596531360,I_kwDOUtOUvM8AAAABTZRKoA,PVTI_lAHOB1U_Zc4Bkx-8zg88ing,1,1
PHOTO-1,216,5596531780,I_kwDOUtOUvM8AAAABTZRMRA,PVTI_lAHOB1U_Zc4Bkx-8zg88irw,1,1
PHOTO-2,217,5596532268,I_kwDOUtOUvM8AAAABTZROLA,PVTI_lAHOB1U_Zc4Bkx-8zg88iuo,1,1
PHOTO-5,218,5596532760,I_kwDOUtOUvM8AAAABTZRQGA,PVTI_lAHOB1U_Zc4Bkx-8zg88iwY,1,1
PHOTO-10,219,5596533233,I_kwDOUtOUvM8AAAABTZRR8Q,PVTI_lAHOB1U_Zc4Bkx-8zg88iyI,1,1
PHOTO-11,220,5596533694,I_kwDOUtOUvM8AAAABTZRTvg,PVTI_lAHOB1U_Zc4Bkx-8zg88i0Q,1,1
FT-PHOTO-2,221,5596534163,I_kwDOUtOUvM8AAAABTZRVkw,PVTI_lAHOB1U_Zc4Bkx-8zg88i1c,1,1
PHOTO-7,222,5596534585,I_kwDOUtOUvM8AAAABTZRXOQ,PVTI_lAHOB1U_Zc4Bkx-8zg88i2Q,1,1
PHOTO-8,223,5596535007,I_kwDOUtOUvM8AAAABTZRY3w,PVTI_lAHOB1U_Zc4Bkx-8zg88i4A,1,1
FT-PHOTO-3,224,5596535542,I_kwDOUtOUvM8AAAABTZRa9g,PVTI_lAHOB1U_Zc4Bkx-8zg88i5M,1,1
PHOTO-3,225,5596535961,I_kwDOUtOUvM8AAAABTZRcmQ,PVTI_lAHOB1U_Zc4Bkx-8zg88i68,1,1
PHOTO-4,226,5596536514,I_kwDOUtOUvM8AAAABTZRewg,PVTI_lAHOB1U_Zc4Bkx-8zg88i8Q,1,1
PHOTO-6,227,5596536941,I_kwDOUtOUvM8AAAABTZRgbQ,PVTI_lAHOB1U_Zc4Bkx-8zg88i-Q,1,1
PHOTO-9,228,5596537424,I_kwDOUtOUvM8AAAABTZRiUA,PVTI_lAHOB1U_Zc4Bkx-8zg88jAY,1,1
EP-LIC,229,5596537988,I_kwDOUtOUvM8AAAABTZRkhA,PVTI_lAHOB1U_Zc4Bkx-8zg88jB4,,1
FT-LIC-1,230,5596538394,I_kwDOUtOUvM8AAAABTZRmGg,PVTI_lAHOB1U_Zc4Bkx-8zg88jDw,1,1
LIC-1,231,5596538906,I_kwDOUtOUvM8AAAABTZRoGg,PVTI_lAHOB1U_Zc4Bkx-8zg88jFY,1,1
LIC-3,232,5596539401,I_kwDOUtOUvM8AAAABTZRqCQ,PVTI_lAHOB1U_Zc4Bkx-8zg88jGc,1,1
LIC-4,233,5596539886,I_kwDOUtOUvM8AAAABTZRr7g,PVTI_lAHOB1U_Zc4Bkx-8zg88jIs,1,1
LIC-6,234,5596540484,I_kwDOUtOUvM8AAAABTZRuRA,PVTI_lAHOB1U_Zc4Bkx-8zg88jKs,1,1
FT-LIC-2,235,5596540894,I_kwDOUtOUvM8AAAABTZRv3g,PVTI_lAHOB1U_Zc4Bkx-8zg88jLs,1,1
LIC-2,236,5596541271,I_kwDOUtOUvM8AAAABTZRxVw,PVTI_lAHOB1U_Zc4Bkx-8zg88jNA,1,1
LIC-5,237,5596541795,I_kwDOUtOUvM8AAAABTZRzYw,PVTI_lAHOB1U_Zc4Bkx-8zg88jPQ,1,1
EP-PRIV,238,5596542394,I_kwDOUtOUvM8AAAABTZR1ug,PVTI_lAHOB1U_Zc4Bkx-8zg88jQ0,,1
FT-PRIV-1,239,5596542893,I_kwDOUtOUvM8AAAABTZR3rQ,PVTI_lAHOB1U_Zc4Bkx-8zg88jRw,1,1
PRIV-1,240,5596543406,I_kwDOUtOUvM8AAAABTZR5rg,PVTI_lAHOB1U_Zc4Bkx-8zg88jTc,1,1
PRIV-2,241,5596543862,I_kwDOUtOUvM8AAAABTZR7dg,PVTI_lAHOB1U_Zc4Bkx-8zg88jVA,1,1
PRIV-8,242,5596544360,I_kwDOUtOUvM8AAAABTZR9aA,PVTI_lAHOB1U_Zc4Bkx-8zg88jWQ,1,1
FT-PRIV-2,243,5596544842,I_kwDOUtOUvM8AAAABTZR_Sg,PVTI_lAHOB1U_Zc4Bkx-8zg88jX4,1,1
PRIV-3,244,5596545276,I_kwDOUtOUvM8AAAABTZSA_A,PVTI_lAHOB1U_Zc4Bkx-8zg88jZY,1,1
PRIV-4,245,5596545764,I_kwDOUtOUvM8AAAABTZSC5A,PVTI_lAHOB1U_Zc4Bkx-8zg88ja4,1,1
PRIV-5,246,5596546148,I_kwDOUtOUvM8AAAABTZSEZA,PVTI_lAHOB1U_Zc4Bkx-8zg88jc8,1,1
FT-PRIV-3,247,5596546631,I_kwDOUtOUvM8AAAABTZSGRw,PVTI_lAHOB1U_Zc4Bkx-8zg88je0,1,1
PRIV-6,248,5596547071,I_kwDOUtOUvM8AAAABTZSH_w,PVTI_lAHOB1U_Zc4Bkx-8zg88jgg,1,1
PRIV-7,249,5596547555,I_kwDOUtOUvM8AAAABTZSJ4w,PVTI_lAHOB1U_Zc4Bkx-8zg88jhs,1,1
EP-A11Y,250,5596548002,I_kwDOUtOUvM8AAAABTZSLog,PVTI_lAHOB1U_Zc4Bkx-8zg88ji0,,1
FT-A11Y-1,251,5596548419,I_kwDOUtOUvM8AAAABTZSNQw,PVTI_lAHOB1U_Zc4Bkx-8zg88jkI,1,1
A11Y-1,252,5596548853,I_kwDOUtOUvM8AAAABTZSO9Q,PVTI_lAHOB1U_Zc4Bkx-8zg88jl8,1,1
A11Y-2,253,5596549492,I_kwDOUtOUvM8AAAABTZSRdA,PVTI_lAHOB1U_Zc4Bkx-8zg88jnw,1,1
A11Y-3,254,5596549988,I_kwDOUtOUvM8AAAABTZSTZA,PVTI_lAHOB1U_Zc4Bkx-8zg88jpE,1,1
FT-A11Y-2,255,5596550619,I_kwDOUtOUvM8AAAABTZSV2w,PVTI_lAHOB1U_Zc4Bkx-8zg88jqw,1,1
A11Y-6,256,5596551079,I_kwDOUtOUvM8AAAABTZSXpw,PVTI_lAHOB1U_Zc4Bkx-8zg88jsM,1,1
A11Y-7,257,5596551586,I_kwDOUtOUvM8AAAABTZSZog,PVTI_lAHOB1U_Zc4Bkx-8zg88juI,1,1
A11Y-8,258,5596552105,I_kwDOUtOUvM8AAAABTZSbqQ,PVTI_lAHOB1U_Zc4Bkx-8zg88jwA,1,1
FT-A11Y-3,259,5596552626,I_kwDOUtOUvM8AAAABTZSdsg,PVTI_lAHOB1U_Zc4Bkx-8zg88jyI,1,1
A11Y-4,260,5596553114,I_kwDOUtOUvM8AAAABTZSfmg,PVTI_lAHOB1U_Zc4Bkx-8zg88jz8,1,1
A11Y-5,261,5596553576,I_kwDOUtOUvM8AAAABTZShaA,PVTI_lAHOB1U_Zc4Bkx-8zg88j1o,1,1
A11Y-9,262,5596554251,I_kwDOUtOUvM8AAAABTZSkCw,PVTI_lAHOB1U_Zc4Bkx-8zg88j3U,1,1
FT-A11Y-4,263,5596554744,I_kwDOUtOUvM8AAAABTZSl-A,PVTI_lAHOB1U_Zc4Bkx-8zg88j4s,1,1
A11Y-10,264,5596555300,I_kwDOUtOUvM8AAAABTZSoJA,PVTI_lAHOB1U_Zc4Bkx-8zg88j6s,1,1
EP-PLAT,265,5596555868,I_kwDOUtOUvM8AAAABTZSqXA,PVTI_lAHOB1U_Zc4Bkx-8zg88j70,,1
FT-PLAT-1,266,5596556279,I_kwDOUtOUvM8AAAABTZSr9w,PVTI_lAHOB1U_Zc4Bkx-8zg88j88,1,1
PLAT-1,267,5596556763,I_kwDOUtOUvM8AAAABTZSt2w,PVTI_lAHOB1U_Zc4Bkx-8zg88j-k,1,1
PLAT-8,268,5596557232,I_kwDOUtOUvM8AAAABTZSvsA,PVTI_lAHOB1U_Zc4Bkx-8zg88kAE,1,1
FT-PLAT-2,269,5596557750,I_kwDOUtOUvM8AAAABTZSxtg,PVTI_lAHOB1U_Zc4Bkx-8zg88kB0,1,1
PLAT-3,270,5596558158,I_kwDOUtOUvM8AAAABTZSzTg,PVTI_lAHOB1U_Zc4Bkx-8zg88kDE,1,1
PLAT-4,271,5596558616,I_kwDOUtOUvM8AAAABTZS1GA,PVTI_lAHOB1U_Zc4Bkx-8zg88kEY,1,1
PLAT-5,272,5596559079,I_kwDOUtOUvM8AAAABTZS25w,PVTI_lAHOB1U_Zc4Bkx-8zg88kFY,1,1
FT-PLAT-3,273,5596559740,I_kwDOUtOUvM8AAAABTZS5fA,PVTI_lAHOB1U_Zc4Bkx-8zg88kG4,1,1
PLAT-2,274,5596560208,I_kwDOUtOUvM8AAAABTZS7UA,PVTI_lAHOB1U_Zc4Bkx-8zg88kIo,1,1
PLAT-6,275,5596560748,I_kwDOUtOUvM8AAAABTZS9bA,PVTI_lAHOB1U_Zc4Bkx-8zg88kJ4,1,1
PLAT-7,276,5596561378,I_kwDOUtOUvM8AAAABTZS_4g,PVTI_lAHOB1U_Zc4Bkx-8zg88kL4,1,1
EP-PLAN,277,5596561859,I_kwDOUtOUvM8AAAABTZTBww,PVTI_lAHOB1U_Zc4Bkx-8zg88kNc,,1
FT-PLAN-1,278,5596562246,I_kwDOUtOUvM8AAAABTZTDRg,PVTI_lAHOB1U_Zc4Bkx-8zg88kOg,1,1
SPK-01,279,5596562659,I_kwDOUtOUvM8AAAABTZTE4w,PVTI_lAHOB1U_Zc4Bkx-8zg88kP4,1,1
SPK-02,280,5596563153,I_kwDOUtOUvM8AAAABTZTG0Q,PVTI_lAHOB1U_Zc4Bkx-8zg88kRs,1,1
FT-PLAN-2,281,5596563634,I_kwDOUtOUvM8AAAABTZTIsg,PVTI_lAHOB1U_Zc4Bkx-8zg88kTk,1,1
SPK-03,282,5596564129,I_kwDOUtOUvM8AAAABTZTKoQ,PVTI_lAHOB1U_Zc4Bkx-8zg88kVc,1,1
SPK-05,283,5596564625,I_kwDOUtOUvM8AAAABTZTMkQ,PVTI_lAHOB1U_Zc4Bkx-8zg88kXc,1,1
SPK-07,284,5596565115,I_kwDOUtOUvM8AAAABTZTOew,PVTI_lAHOB1U_Zc4Bkx-8zg88kZ8,1,1
SPK-10,285,5596565676,I_kwDOUtOUvM8AAAABTZTQrA,PVTI_lAHOB1U_Zc4Bkx-8zg88kcA,1,1
SPK-14,286,5596566302,I_kwDOUtOUvM8AAAABTZTTHg,PVTI_lAHOB1U_Zc4Bkx-8zg88kfc,1,1
FT-PLAN-3,287,5596566833,I_kwDOUtOUvM8AAAABTZTVMQ,PVTI_lAHOB1U_Zc4Bkx-8zg88khw,1,1
SPK-04,288,5596567364,I_kwDOUtOUvM8AAAABTZTXRA,PVTI_lAHOB1U_Zc4Bkx-8zg88kkg,1,1
SPK-06,289,5596567858,I_kwDOUtOUvM8AAAABTZTZMg,PVTI_lAHOB1U_Zc4Bkx-8zg88kmk,1,1
SPK-11,290,5596568289,I_kwDOUtOUvM8AAAABTZTa4Q,PVTI_lAHOB1U_Zc4Bkx-8zg88koo,1,1
SPK-12,291,5596568783,I_kwDOUtOUvM8AAAABTZTczw,PVTI_lAHOB1U_Zc4Bkx-8zg88kqU,1,1
SPK-13,292,5596569222,I_kwDOUtOUvM8AAAABTZTehg,PVTI_lAHOB1U_Zc4Bkx-8zg88krg,1,1
FT-PLAN-4,293,5596569662,I_kwDOUtOUvM8AAAABTZTgPg,PVTI_lAHOB1U_Zc4Bkx-8zg88ktc,1,1
SPK-08,294,5596570107,I_kwDOUtOUvM8AAAABTZTh-w,PVTI_lAHOB1U_Zc4Bkx-8zg88kvE,1,1
SPK-09,295,5596570572,I_kwDOUtOUvM8AAAABTZTjzA,PVTI_lAHOB1U_Zc4Bkx-8zg88k0g,1,1
